{"version":null,"displayName":"sonar adapter","type":"sonar","logo":"sonar.png","logoSmall":"sonar-small.png","metadata":[{"name":"Project","dependent":false,"dependentMetadata":null,"values":[{"id":"pipeline-test","name":"Pipeline Test","attributeName":null,"referenceType":null,"dependents":null,"regex":false}]},{"name":"Type","dependent":false,"dependentMetadata":null,"values":[{"id":"CODE_SMELL","name":"CODE SMELL","attributeName":null,"referenceType":null,"dependents":null,"regex":false},{"id":"BUG","name":"Bug","attributeName":null,"referenceType":null,"dependents":null,"regex":false},{"id":"VULNERABILITY","name":"VULNERABILITY","attributeName":null,"referenceType":null,"dependents":null,"regex":false},{"id":"SECURITY_HOTSPOT","name":"SECURITY HOTSPOT","attributeName":null,"referenceType":null,"dependents":null,"regex":false}]}],"fields":[{"id":"key","name":"Key","datatype":"String","values":null},{"id":"resolution","name":"Resolution","datatype":"String","values":null},{"id":"rule","name":"rule","datatype":"String","values":null},{"id":"component","name":"component","datatype":"String","values":null},{"id":"line","name":"Source Line #","datatype":"Number","values":null},{"id":"hash","name":"hash","datatype":"String","values":null},{"id":"textrange","name":"Source Text Range","datatype":"String","values":null},{"id":"flows","name":"flows","datatype":"String","values":null},{"id":"status","name":"status","datatype":"String","values":null},{"id":"message","name":"message","datatype":"String","values":null},{"id":"author","name":"author","datatype":"String","values":null},{"id":"tags","name":"tags","datatype":"String","values":null},{"id":"transitions","name":"transitions","datatype":"String","values":null},{"id":"actions","name":"actions","datatype":"String","values":null},{"id":"creationDate","name":"Creation Date","datatype":"String","values":null},{"id":"organization","name":"organization","datatype":"String","values":null},{"id":"fromHotSpot","name":"From HotSpot","datatype":"String","values":null},{"id":"type","name":"type","datatype":"String","values":null},{"id":"updateDate","name":"Update Date","datatype":"String","values":null}],"loginOptions":[],"idFieldName":"key","titleFieldName":"message","projectFieldName":"Project","artifactFieldName":"Type","testStepsFieldName":"","changedDateFieldName":"updateDate","dateFormat":"yyyy-MM-dd","dateTimeFormat":"yyyy-MM-dd'T'HH:mm:ssZ","queryDateFormat":"","isISO8601DateFormat":"false","commentFieldName":"","commentFieldId":"","attachmentFieldName":"","attachmentFieldId":"","apiVersion":"1","callBackUrlConfigured":false,"callBackUrls":[],"apiProvider":"ExternalApplication","applicationType":null,"urlDescription":"Sonar endpoint: Ex: http://localhost:8080","userNameDescription":"Sonar Application Login","passwordDescription":"Sonar Application Login Password"}