[{"id":2,"name":"create-record","adapterType":"sonar","operation":"CREATE_RECORD","requestSpecType":"Groovy","responseSpecType":"Groovy","status":"Active","requestSpec":"def jsonS = new groovy.json.JsonSlurper()\n\ndef request = jsonS.parseText(payload) as Map\n\ngroovy.json.JsonOutput.toJson(request)\n","responseSpec":"def jsonS = new groovy.json.JsonSlurper()\n\ndef request = jsonS.parseText(payload) as Map\n\ngroovy.json.JsonOutput.toJson(request)\n","createdBy":"admin","groupName":"","statusCode":2},{"id":3,"name":"update-record","adapterType":"sonar","operation":"UPDATE_RECORD","requestSpecType":"Groovy","responseSpecType":"Groovy","status":"Active","requestSpec":"def jsonS = new groovy.json.JsonSlurper()\n\ndef request = jsonS.parseText(payload) as Map\n\ngroovy.json.JsonOutput.toJson(request)\n","responseSpec":"def jsonS = new groovy.json.JsonSlurper()\n\ndef request = jsonS.parseText(payload) as Map\n\ngroovy.json.JsonOutput.toJson(request)\n","createdBy":"admin","groupName":"","statusCode":2},{"id":4,"name":"get-record","adapterType":"sonar","operation":"QUERY_RECORD_BY_ID","requestSpecType":"Groovy","responseSpecType":"Groovy","status":"Active","requestSpec":"def jsonS = new groovy.json.JsonSlurper()\n\ndef request = jsonS.parseText(payload) as Map\n\ngroovy.json.JsonOutput.toJson(request)\n","responseSpec":"class CAResponse {\n  int totalRecords;\n  List<CAResponseResult> result;\n}\nclass CAResponseResult {\n  String id;\n  Map fields;\n}\n\ndef jsonS = new groovy.json.JsonSlurper()\ndef appResponse = jsonS.parseText(payload) as Map\n\ndef _response = new CAResponse();\n_response.totalRecords = appResponse.total;\n_resultArray = new ArrayList();\nfor(def issue:appResponse.issues) {\n  def _record = new CAResponseResult();\n  _record.id = issue.key;\n  def _fields = new HashMap();\n  for(Map.Entry<String,Object> issueField:issue.entrySet()) {\n      _fields.put(issueField.key,issueField.value)\n  }\n  _record.fields = _fields;\n  _resultArray.add(_record);\n}\n\n_response.result = _resultArray\n\n\n\n\ngroovy.json.JsonOutput.toJson(_response.result.get(0))\n","createdBy":"admin","groupName":"","statusCode":2},{"id":5,"name":"get-modified","adapterType":"sonar","operation":"QUERY_MODIFIED_RECORDS","requestSpecType":"Groovy","responseSpecType":"Groovy","status":"Active","requestSpec":"def jsonS = new groovy.json.JsonSlurper()\n\ndef request = jsonS.parseText(payload) as Map\n\ngroovy.json.JsonOutput.toJson(request)\n","responseSpec":"class CAResponse {\n  int totalRecords;\n  List<CAResponseResult> result;\n}\nclass CAResponseResult {\n  String id;\n  Map fields;\n}\n\ndef jsonS = new groovy.json.JsonSlurper()\ndef appResponse = jsonS.parseText(payload) as Map\n\ndef _response = new CAResponse();\n_response.totalRecords = appResponse.total;\n_resultArray = new ArrayList();\nfor(def issue:appResponse.issues) {\n  def _record = new CAResponseResult();\n  _record.id = issue.key;\n  def _fields = new HashMap();\n  for(Map.Entry<String,Object> issueField:issue.entrySet()) {\n      _fields.put(issueField.key,issueField.value)\n  }\n  _record.fields = _fields;\n  _resultArray.add(_record);\n}\n\n_response.result = _resultArray\n\n\n\n\ngroovy.json.JsonOutput.toJson(_response)\n","createdBy":"admin","groupName":"","statusCode":2}]